STN,DATE,windrichting,windsnelheid,temperatuur,mintemperatuur,maxtemperatuur,zonneschijnduur,globalestraling,neerslag,bewolking,luchtvochtigheid,referentiegewasverdamping
215,2025-01-01,  225,  102,79,55,101,0,30,199,    8,83,0
215,2025-01-02,  309,   35,38,0,66,25,248,22,    6,83,3
215,2025-01-03,  292,   58,34,10,59,17,175,32,    6,80,2
215,2025-01-04,  183,   28,25,12,46,0,105,38,    8,90,1
215,2025-01-05,  179,   73,57,0,120,0,40,222,    8,92,1
215,2025-01-06,  216,  101,86,48,124,6,119,32,    7,80,2
215,2025-01-07,  234,   62,46,22,61,32,286,22,    7,78,4
215,2025-01-08,  262,   42,39,17,56,26,244,1,    7,80,3
215,2025-01-09,  291,   42,25,-19,62,40,331,32,    7,82,4
215,2025-01-10,  279,   44,28,-27,56,61,433,16,    3,81,5
215,2025-01-11,  329,   19,12,-34,68,67,478,5,    4,87,5
215,2025-01-12,  309,   13,22,-13,68,36,355,-1,    6,86,4
215,2025-01-13,  201,   24,1,-36,50,70,494,0,    5,86,5
215,2025-01-14,  235,   41,46,-6,75,17,263,3,    8,90,3
215,2025-01-15,  296,   12,71,57,82,2,163,0,    8,97,2
215,2025-01-16,  150,   26,43,14,69,0,142,0,    8,96,2
215,2025-01-17,  185,   21,9,-6,18,0,110,0,    8,97,1
215,2025-01-18,  125,   29,-9,-22,6,0,163,0,    8,96,2
215,2025-01-19,  191,   16,-3,-7,2,0,86,0,    8,92,1
215,2025-01-20,  182,   34,9,0,15,0,80,-1,    8,91,1
215,2025-01-21,  165,   38,1,-7,15,0,145,0,    8,96,2
215,2025-01-22,  150,   21,22,-9,54,0,111,37,    8,95,1
215,2025-01-23,  230,   64,60,46,76,11,259,42,    8,85,3
215,2025-01-24,  205,   75,78,47,99,5,108,44,    8,86,1
215,2025-01-25,  234,   23,48,10,74,36,325,18,    8,90,4
215,2025-01-26,  162,   51,38,16,70,52,484,30,    7,87,6
215,2025-01-27,  198,   85,88,64,109,64,530,84,    5,77,8
215,2025-01-28,  185,   74,79,64,89,0,149,80,    7,83,2
215,2025-01-29,  252,   55,72,59,84,17,276,16,    8,86,4
215,2025-01-30,  323,   30,56,24,80,25,349,1,    6,86,4
215,2025-01-31,  192,   23,22,-22,65,23,352,0,    5,91,4
215,2025-02-01,  126,   20,7,-30,66,76,688,0,    2,87,7
215,2025-02-02,     ,     ,3,-33,41,81,788,0,     ,88,8
215,2025-02-03,     ,     ,20,-20,67,80,668,0,     ,90,8
215,2025-02-04,  192,   54,34,16,59,12,258,0,    8,87,3
215,2025-02-05,  244,   28,42,-5,90,82,661,0,    6,92,8
215,2025-02-06,   47,   35,34,-20,79,46,520,0,    5,88,6
215,2025-02-07,   78,   78,33,19,49,7,322,0,    8,75,4
215,2025-02-08,  103,   38,41,18,75,25,359,-1,    8,78,4
215,2025-02-09,   69,   35,38,18,53,12,300,0,    8,80,4
215,2025-02-10,   70,   65,19,8,30,14,274,33,    8,83,3
215,2025-02-11,  111,   37,24,5,39,0,85,76,    8,94,1
215,2025-02-12,   41,   19,40,22,61,1,237,1,    8,93,3
215,2025-02-13,   28,   38,13,-24,37,25,427,0,    7,81,5
215,2025-02-14,  108,   17,-2,-47,38,64,704,0,    4,85,7
215,2025-02-15,  116,   22,13,-15,35,5,369,0,    8,79,4
215,2025-02-16,   81,   50,9,-16,44,80,915,0,    3,74,10
215,2025-02-17,   78,   33,-7,-34,28,88,954,0,    2,75,10
215,2025-02-18,  103,   52,-7,-43,31,89,934,0,    6,67,10
215,2025-02-19,  122,   50,10,-23,47,55,683,0,    8,62,8
215,2025-02-20,  181,   44,71,-1,120,7,347,10,    8,87,5
215,2025-02-21,  172,   47,134,86,175,44,722,0,    8,74,12
215,2025-02-22,  201,   43,99,59,120,0,142,44,    7,89,2
215,2025-02-23,  199,   59,102,62,140,65,867,0,    7,80,13
215,2025-02-24,  209,   74,101,76,117,12,214,86,    7,84,3
215,2025-02-25,  253,   35,80,59,112,29,591,0,    8,90,8
215,2025-02-26,  213,   46,68,21,106,67,958,43,    5,82,13
215,2025-02-27,  282,   49,60,50,75,21,510,20,    8,87,7
215,2025-02-28,  359,   49,54,12,84,54,908,1,    5,86,12
215,2025-03-01,   23,   21,38,-19,89,48,857,0,    6,85,10
215,2025-03-02,  338,   12,18,-31,92,98,1255,0,    1,89,14
215,2025-03-03,  305,   11,15,-42,94,96,1272,0,    3,89,14
215,2025-03-04,  262,   11,29,-33,113,100,1275,0,    3,85,15
215,2025-03-05,  230,   27,55,-22,139,101,1327,0,    2,77,17
215,2025-03-06,  180,   25,75,-10,173,98,1246,0,    2,74,17
215,2025-03-07,  164,   25,98,20,178,95,1257,0,    2,72,18
215,2025-03-08,  103,   30,108,41,186,103,1330,0,    1,59,20
215,2025-03-09,   81,   23,96,13,177,97,1244,0,    3,67,18
215,2025-03-10,   12,   26,78,11,163,105,1343,0,    6,78,18
215,2025-03-11,  342,   51,58,32,85,41,927,1,    7,81,12
215,2025-03-12,  292,   30,41,-10,80,91,1179,12,    5,84,14
215,2025-03-13,  353,   32,34,-11,78,60,967,15,    5,83,12
215,2025-03-14,   16,   36,26,-27,77,74,1165,-1,    4,75,14
215,2025-03-15,   36,   48,37,-5,80,97,1483,0,    2,66,18
215,2025-03-16,   14,   41,46,-15,89,109,1620,0,    3,77,20
215,2025-03-17,   69,   45,64,28,104,89,1491,0,    3,59,20
215,2025-03-18,  102,   48,52,-6,113,111,1712,0,    0,46,22
215,2025-03-19,  145,   24,75,-11,171,110,1654,0,    0,61,23
215,2025-03-20,   36,   20,97,6,181,111,1587,0,    2,70,23
215,2025-03-21,  110,   52,141,44,211,101,1519,0,    6,57,25
215,2025-03-22,  109,   40,135,95,178,19,926,18,    8,67,15
215,2025-03-23,  147,   31,125,90,177,75,1524,-1,    7,74,24
215,2025-03-24,  331,   35,74,49,106,12,757,0,    7,89,10
215,2025-03-25,  276,   35,78,36,115,34,1079,4,    7,87,15
215,2025-03-26,  350,   28,76,20,120,54,1077,0,    7,87,15
215,2025-03-27,  241,   20,70,-5,140,115,1744,0,    3,82,23
215,2025-03-28,  250,   35,71,18,114,0,553,3,    7,90,7
215,2025-03-29,  274,   43,73,23,104,109,1660,0,    5,79,23
215,2025-03-30,  293,   80,98,71,120,93,1744,5,    5,77,25
215,2025-03-31,  354,   50,78,34,109,102,1849,0,    4,78,25
215,2025-04-01,   78,   49,93,29,141,119,1909,0,    1,65,27
215,2025-04-02,   75,   63,121,68,176,120,1928,0,    1,56,30
215,2025-04-03,   95,   52,139,84,196,120,1907,0,    1,55,31
215,2025-04-04,   55,   41,138,50,212,120,1986,0,    0,57,32
215,2025-04-05,   50,   58,104,52,154,121,2059,0,    1,61,30
215,2025-04-06,   80,   58,83,42,127,121,2104,0,    2,47,29
215,2025-04-07,   51,   40,84,23,136,123,2087,0,    1,57,29
215,2025-04-08,   37,   40,85,34,149,123,2058,0,    4,67,29
215,2025-04-09,    1,   51,76,25,122,101,2005,0,    6,77,27
215,2025-04-10,  338,   44,76,16,114,67,1574,0,    5,82,22
215,2025-04-11,  275,   28,85,17,143,127,2107,0,    4,86,30
215,2025-04-12,  132,   43,148,25,224,123,2121,0,    4,62,35
215,2025-04-13,  233,   54,130,103,163,75,1806,30,    7,76,29
215,2025-04-14,  170,   37,127,77,170,108,1940,-1,    7,68,30
215,2025-04-15,  147,   37,132,94,205,50,1230,18,    7,79,20
215,2025-04-16,  227,   28,104,78,128,0,761,0,    8,76,11
215,2025-04-17,  329,   20,93,58,139,7,916,0,    8,82,13
215,2025-04-18,   82,   25,105,56,163,82,1966,0,    6,72,29
215,2025-04-19,   56,   42,100,57,147,108,1987,0,    6,70,29
215,2025-04-20,   16,   31,100,36,152,95,1995,12,    6,79,29
215,2025-04-21,  260,   18,115,94,144,0,586,27,    8,89,9
215,2025-04-22,  268,   29,107,61,148,72,1790,0,    8,88,27
215,2025-04-23,   15,   25,110,41,151,22,827,4,    8,87,12
215,2025-04-24,    8,   47,110,94,140,5,656,35,    8,90,10
215,2025-04-25,   13,   33,101,39,147,102,2240,0,    3,83,33
215,2025-04-26,   55,   30,117,42,177,128,2265,0,    1,79,35
215,2025-04-27,  345,   23,121,48,196,135,2462,0,    0,77,38
215,2025-04-28,  331,   19,123,45,191,135,2472,0,    3,72,38
215,2025-04-29,   27,   26,148,49,212,137,2452,0,    5,74,40
215,2025-04-30,   22,   23,165,104,238,138,2442,0,    7,75,42
215,2025-05-01,  317,   18,174,86,263,124,2360,0,    4,73,41
215,2025-05-02,  341,   29,151,105,216,74,1885,-1,    3,80,31
215,2025-05-03,  345,   43,121,68,170,121,2485,0,    4,69,38
215,2025-05-04,  350,   57,98,58,125,88,2124,-1,    5,70,31
215,2025-05-05,   32,   43,93,32,150,106,2105,6,    3,66,30
215,2025-05-06,   12,   48,93,41,128,40,1220,0,    6,76,18
215,2025-05-07,    5,   48,103,70,144,44,1618,0,    8,76,24
215,2025-05-08,   19,   40,123,68,177,100,2202,0,    4,71,34
215,2025-05-09,   65,   42,143,58,193,141,2653,0,    3,53,43
215,2025-05-10,   84,   39,163,84,220,142,2752,0,    4,51,47
215,2025-05-11,  109,   41,183,97,247,142,2777,0,    0,49,49
215,2025-05-12,   93,   47,189,128,246,143,2752,0,    2,48,49
215,2025-05-13,   70,   49,171,114,226,145,2856,0,    2,47,49
215,2025-05-14,  360,   49,135,105,179,122,2449,0,    8,71,39
215,2025-05-15,    2,   58,130,78,182,103,2486,0,    3,66,39
215,2025-05-16,  340,   45,106,39,142,43,1580,0,    5,79,23
215,2025-05-17,  337,   53,121,89,151,103,2594,0,    4,81,40
215,2025-05-18,  338,   43,126,100,161,76,2018,-1,    6,81,32
215,2025-05-19,    7,   37,140,62,197,147,2829,0,    1,73,46
215,2025-05-20,  340,   38,129,64,181,149,2973,0,    4,79,47
215,2025-05-21,  325,   43,117,59,157,81,1961,0,    7,77,30
215,2025-05-22,  330,   59,114,91,142,111,2545,1,    5,61,39
215,2025-05-23,  304,   53,103,53,140,109,2432,8,    5,68,36
215,2025-05-24,  216,   50,133,79,159,0,599,73,    8,85,10
215,2025-05-25,  241,   61,152,134,185,65,1806,25,    8,81,30
215,2025-05-26,  244,   70,148,123,175,112,2613,2,    7,66,43
215,2025-05-27,  229,   76,144,120,174,13,1061,180,    8,85,17
215,2025-05-28,  267,   55,140,89,171,62,1646,-1,    6,85,27
215,2025-05-29,  220,   54,150,93,187,39,1211,6,    7,87,20
215,2025-05-30,  238,   42,156,106,199,84,2251,0,    6,87,38
215,2025-05-31,  265,   20,178,102,228,88,2335,0,    7,80,41
215,2025-06-01,  247,   52,157,127,183,72,2064,0,    6,78,35
215,2025-06-02,  280,   34,140,85,166,101,2592,3,    3,80,42
215,2025-06-03,  221,   56,159,84,217,65,2086,4,    7,68,35
215,2025-06-04,  246,   48,150,118,181,87,2333,33,    5,73,39
215,2025-06-05,  208,   53,152,108,185,37,1435,135,    7,80,24
215,2025-06-06,  243,   67,152,135,183,64,1904,2,    7,74,32
215,2025-06-07,  227,   47,141,121,164,34,1591,172,    8,84,26
215,2025-06-08,  282,   64,127,96,147,55,1735,101,    7,80,27
215,2025-06-09,  244,   38,145,81,179,99,2485,0,    6,77,41
215,2025-06-10,  265,   58,140,74,181,56,1574,21,    6,83,25
215,2025-06-11,   83,   25,149,63,205,122,2584,0,    2,73,43
215,2025-06-12,  104,   55,202,121,270,146,2874,0,    2,60,53
215,2025-06-13,   24,   27,233,142,297,133,2658,0,    4,68,51
215,2025-06-14,  231,   41,209,154,270,64,1827,1,    7,71,34
215,2025-06-15,  263,   41,166,143,189,131,2826,0,    5,80,48
215,2025-06-16,  308,   23,163,110,199,149,2976,0,    1,82,51
215,2025-06-17,  257,   28,176,106,232,131,2771,0,    5,74,48
215,2025-06-18,  317,   30,172,119,215,155,2932,0,    5,84,51
215,2025-06-19,   57,   24,187,117,234,83,2120,0,    3,70,38
215,2025-06-20,   91,   36,199,132,254,146,2925,0,    5,57,53
215,2025-06-21,  123,   28,220,113,299,153,2989,0,    3,58,56
215,2025-06-22,  234,   52,206,151,264,85,1929,1,    6,69,36
215,2025-06-23,  254,   76,179,157,196,99,2608,1,    5,66,46
215,2025-06-24,  233,   66,176,122,211,63,1398,1,    5,79,24
215,2025-06-25,  270,   40,188,152,217,85,1989,0,    5,83,35
215,2025-06-26,  237,   57,193,151,218,39,1647,30,    7,84,30
215,2025-06-27,  239,   48,182,134,229,94,2412,24,    5,77,43
215,2025-06-28,  239,   60,215,181,253,120,2525,0,    3,78,47
215,2025-06-29,  322,   38,202,152,235,155,2989,0,    0,77,55
215,2025-06-30,  105,   28,233,145,299,155,2975,0,    0,63,57
215,2025-07-01,  201,   26,266,174,351,150,2737,0,    2,58,55
215,2025-07-02,  303,   38,202,159,296,77,2064,22,    4,83,38
215,2025-07-03,  322,   44,159,97,194,116,2721,0,    4,75,46
215,2025-07-04,  243,   41,183,95,229,141,2823,0,    5,63,50
215,2025-07-05,  237,   60,185,169,209,9,1233,27,    8,78,22
215,2025-07-06,  238,   31,175,141,191,15,707,173,    7,92,12
215,2025-07-07,  331,   62,162,127,193,82,2267,8,    6,75,38
215,2025-07-08,  310,   48,153,114,186,46,1824,143,    7,80,30
215,2025-07-09,  318,   24,176,136,213,130,2831,-1,    6,72,49
215,2025-07-10,  342,   25,181,116,230,122,2737,0,    1,83,48
215,2025-07-11,  344,   34,190,137,228,111,2561,0,    4,83,46
215,2025-07-12,  337,   43,187,154,212,108,2643,0,    6,83,47
215,2025-07-13,  340,   25,193,152,233,36,1514,-1,    7,86,27
215,2025-07-14,  247,   43,197,153,234,80,2026,-1,    7,79,37
215,2025-07-15,  241,   65,187,157,213,94,2206,5,    6,68,39
215,2025-07-16,  290,   48,168,131,197,81,1880,125,    6,87,32
215,2025-07-17,  315,   21,172,113,214,148,2830,0,    4,81,49
215,2025-07-18,   99,   19,203,123,264,75,2075,0,    6,77,38
215,2025-07-19,  117,   41,226,176,277,52,1795,2,    7,74,34
215,2025-07-20,  185,   26,199,164,248,32,1345,-1,    7,86,24
215,2025-07-21,  168,   34,189,157,240,90,1832,31,    5,82,33
215,2025-07-22,  257,   54,190,154,213,100,2287,0,    6,86,41
215,2025-07-23,  296,   38,190,156,218,72,1880,-1,    6,86,34
215,2025-07-24,  306,   29,188,141,221,102,2351,-1,    5,85,42
215,2025-07-25,  337,   30,184,137,215,58,1521,17,    6,89,27
215,2025-07-26,  258,   41,193,134,240,57,1994,19,    7,85,36
215,2025-07-27,  334,   36,177,150,210,33,1674,-1,    8,81,29
215,2025-07-28,  313,   46,174,133,210,80,1882,17,    6,80,33
215,2025-07-29,  315,   25,174,139,209,79,2197,0,    8,76,38
215,2025-07-30,  292,   45,178,134,201,98,2164,-1,    5,73,38
215,2025-07-31,  284,   42,182,159,210,32,1332,18,    7,84,23
215,2025-08-01,  308,   54,173,153,199,49,1653,63,    8,84,29
215,2025-08-02,  321,   60,169,147,197,25,1345,92,    8,80,23
215,2025-08-03,  254,   59,187,159,205,79,1945,52,    6,80,35
215,2025-08-04,  239,   54,191,148,227,27,1402,27,    8,85,25
215,2025-08-05,  285,   58,173,139,198,107,2131,43,    5,68,37
215,2025-08-06,  270,   35,169,134,195,120,2261,0,    4,74,39
215,2025-08-07,  225,   38,186,120,219,29,1531,1,    8,73,27
215,2025-08-08,  269,   34,184,115,220,83,1934,-1,    6,85,34
215,2025-08-09,  260,   30,164,98,221,118,2346,0,    4,84,40
215,2025-08-10,  349,   23,177,111,224,137,2447,0,    1,77,43
215,2025-08-11,   63,   24,209,125,270,139,2395,0,    2,68,44
215,2025-08-12,   85,   30,232,169,303,99,2152,0,    5,65,41
215,2025-08-13,  281,   18,210,151,260,87,1914,-1,    5,87,35
215,2025-08-14,  264,   33,210,140,296,112,2123,5,    3,86,39
215,2025-08-15,  326,   33,199,132,252,106,2171,0,    5,86,39
215,2025-08-16,   10,   49,179,137,207,42,1333,0,    5,76,23
215,2025-08-17,   10,   28,164,105,205,14,888,1,    7,85,15
215,2025-08-18,   39,   32,187,154,241,51,1476,-1,    5,81,26
215,2025-08-19,   29,   50,195,149,261,131,2263,0,    2,75,41
215,2025-08-20,    9,   47,182,142,224,84,1931,0,    7,71,34
215,2025-08-21,    7,   55,169,137,217,104,1931,-1,    5,67,33
215,2025-08-22,  294,   31,153,128,191,17,1059,13,    8,72,18
215,2025-08-23,  346,   32,148,80,194,86,1810,19,    5,70,30
215,2025-08-24,  333,   21,140,60,205,112,2051,0,    2,74,33
215,2025-08-25,  140,   16,161,78,234,113,2067,0,    6,70,35
215,2025-08-26,  200,   42,192,120,280,63,1553,0,    7,63,28
215,2025-08-27,  220,   27,182,131,234,64,1365,0,    7,78,24
215,2025-08-28,  227,   25,163,125,210,54,1158,37,    6,81,20
215,2025-08-29,  184,   46,170,117,219,69,1352,17,    6,74,23
215,2025-08-30,  206,   45,184,139,220,58,1232,80,    7,73,22
215,2025-08-31,  202,   34,182,146,227,31,915,23,    8,80,16
215,2025-09-01,  204,   38,178,135,229,56,1270,10,    7,74,22
215,2025-09-02,  188,   54,175,145,220,83,1405,2,    6,71,24
215,2025-09-03,  192,   73,188,160,226,20,754,56,    7,79,13
215,2025-09-04,  206,   56,177,145,223,78,1287,12,    6,74,22
215,2025-09-05,  271,   33,154,93,200,116,1612,0,    2,77,27
215,2025-09-06,  118,   33,164,81,223,73,1526,0,    7,71,26
215,2025-09-07,  122,   50,197,124,264,118,1812,0,    7,63,33
215,2025-09-08,  268,   35,176,102,211,84,1626,1,    7,79,28
215,2025-09-09,  103,   18,133,87,181,37,795,0,    7,83,13
215,2025-09-10,  144,   40,152,91,210,31,1030,-1,    7,76,17
215,2025-09-11,  224,   59,157,124,191,56,1064,83,    6,76,18
215,2025-09-12,  213,   66,147,122,183,92,1360,43,    5,73,22
215,2025-09-13,  198,   52,139,110,175,53,1022,38,    7,80,16
215,2025-09-14,  198,   45,152,109,186,57,1100,70,    6,77,18
215,2025-09-15,  239,  110,171,146,188,69,1099,82,    6,69,19
215,2025-09-16,  263,   90,160,140,180,61,1082,17,    7,67,18
215,2025-09-17,  227,   57,157,129,183,0,343,47,    8,81,6
215,2025-09-18,  234,   69,186,167,209,11,657,5,    8,82,12
215,2025-09-19,  175,   35,188,133,259,106,1606,0,    5,77,29
215,2025-09-20,  200,   44,192,165,231,36,652,27,    8,78,12
215,2025-09-21,  297,   59,140,104,172,66,1127,15,    6,71,18
215,2025-09-22,   19,   43,121,60,170,88,1499,2,    3,68,23
215,2025-09-23,   30,   31,118,46,172,71,1104,1,    2,76,17
215,2025-09-24,   50,   48,123,84,160,100,1425,0,    5,65,22
215,2025-09-25,   64,   62,129,101,161,78,1263,0,    8,57,20
215,2025-09-26,   85,   31,107,65,146,9,589,0,    7,75,9
215,2025-09-27,  105,   18,114,72,153,16,628,12,    7,87,10
215,2025-09-28,  210,   16,113,44,190,99,1311,0,    4,84,20
215,2025-09-29,  321,   19,121,51,181,82,1204,0,    6,83,19
215,2025-09-30,  348,   18,125,56,186,88,1248,0,    4,84,19
215,2025-10-01,  125,   20,109,46,178,88,1208,0,    7,76,18
215,2025-10-02,  155,   31,123,85,173,28,792,0,    8,72,12
215,2025-10-03,  170,   62,124,106,146,0,290,75,    8,75,5
215,2025-10-04,  259,  110,142,113,172,43,711,231,    7,69,12
215,2025-10-05,  292,   87,132,113,144,11,498,39,    7,66,8
215,2025-10-06,  275,   48,147,133,158,0,361,-1,    8,80,6
215,2025-10-07,  232,   35,148,128,180,15,571,14,    8,88,9
215,2025-10-08,  274,   31,142,103,165,10,559,5,    8,85,9
215,2025-10-09,  273,   25,131,85,157,48,812,-1,    7,80,13
215,2025-10-10,  277,   27,147,102,175,38,647,0,    7,81,11
215,2025-10-11,  283,   15,143,126,160,0,312,-1,    8,82,5
215,2025-10-12,  351,   27,143,125,167,10,463,4,    8,85,8
215,2025-10-13,   25,   23,129,79,158,2,389,0,    7,86,6
215,2025-10-14,  340,   23,131,80,169,40,716,13,    8,87,11
215,2025-10-15,  358,   24,123,71,149,8,357,-1,    7,88,6
215,2025-10-16,    3,   24,127,77,161,36,565,37,    8,84,9
215,2025-10-17,  334,   19,123,101,141,9,395,9,    8,83,6
215,2025-10-18,  112,   31,103,73,136,62,760,0,    8,75,11
215,2025-10-19,  139,   45,110,71,143,51,655,8,    8,78,10
215,2025-10-20,  168,   51,143,125,163,14,342,54,    8,84,6
215,2025-10-21,  227,   63,139,124,164,27,481,71,    8,83,8
215,2025-10-22,  217,   29,124,95,150,6,327,62,    8,84,5
215,2025-10-23,  250,   86,118,102,148,14,319,272,    8,84,5
215,2025-10-24,  248,   98,106,89,127,49,581,31,    7,73,9
215,2025-10-25,  281,   75,98,63,128,18,371,180,    7,81,5
215,2025-10-26,  277,   94,95,57,116,33,475,117,    8,76,7
215,2025-10-27,  291,   90,111,88,123,36,406,73,    6,73,6
215,2025-10-28,  258,   73,126,96,137,7,360,57,    8,77,6
215,2025-10-29,  205,   44,115,96,129,10,331,95,    8,90,5
215,2025-10-30,  253,   50,103,72,130,33,440,1,    6,79,6
215,2025-10-31,  167,   45,113,83,141,8,416,-1,    6,83,6
215,2025-11-01,  194,   53,124,100,138,18,218,82,    6,88,3
215,2025-11-02,  226,   45,104,81,132,28,461,41,    7,84,7
215,2025-11-03,  206,   65,108,58,138,2,257,-1,    8,89,4
215,2025-11-04,  189,   58,140,126,158,24,462,0,    8,77,7
215,2025-11-05,  162,   45,135,110,179,32,437,0,    8,74,7
215,2025-11-06,  141,   26,99,64,140,55,523,0,    8,84,8
215,2025-11-07,  143,   18,96,47,160,70,624,0,    3,94,9
215,2025-11-08,  224,   14,102,40,153,51,511,0,    7,95,8
215,2025-11-09,  245,   28,111,59,142,67,602,0,    5,91,9
215,2025-11-10,  174,   48,97,66,121,12,328,20,    8,89,5
215,2025-11-11,  188,   50,104,84,117,23,313,3,    7,90,5
215,2025-11-12,  182,   52,124,93,159,45,500,0,    8,77,8
215,2025-11-13,  203,   40,132,89,158,9,293,27,    8,87,5
215,2025-11-14,   79,   44,113,85,124,0,87,53,    8,97,1
215,2025-11-15,   75,   45,82,74,89,0,102,133,    8,97,1
215,2025-11-16,   16,   31,62,8,84,7,124,-1,    6,90,2
215,2025-11-17,  355,   54,56,14,89,54,436,29,    5,80,6
215,2025-11-18,  243,   47,58,21,82,13,254,75,    8,79,3
215,2025-11-19,  253,   48,48,-3,62,0,70,194,    8,92,1
215,2025-11-20,  218,   24,23,-8,45,11,211,80,    7,93,2
215,2025-11-21,  146,   22,26,-20,74,72,527,72,    4,88,6
215,2025-11-22,  192,   58,25,9,48,28,338,-1,    7,76,4
215,2025-11-23,  188,   72,29,-4,62,0,82,38,    8,92,1
215,2025-11-24,  195,   25,46,-9,86,17,294,69,    8,94,4
215,2025-11-25,    5,   36,41,-22,85,28,320,28,    6,89,4
215,2025-11-26,  176,   23,37,9,73,40,363,0,    6,95,4
215,2025-11-27,  203,   69,70,32,94,0,75,7,    8,95,1
215,2025-11-28,  209,   60,99,90,113,4,182,18,    8,95,3
215,2025-11-29,  191,   53,91,56,108,5,160,23,    8,91,2
215,2025-11-30,  254,   52,70,22,83,22,256,1,    7,78,3
215,2025-12-01,  185,   75,62,32,82,0,137,17,    8,83,2
215,2025-12-02,  187,   52,77,50,92,5,161,-1,    8,78,2
215,2025-12-03,  178,   25,65,21,97,17,244,0,    7,91,3
215,2025-12-04,  149,   44,68,37,87,42,312,-1,    7,88,4
215,2025-12-05,  164,   42,43,7,60,0,149,-1,    7,95,2
215,2025-12-06,  198,   70,89,54,111,0,112,51,    8,92,2
215,2025-12-07,  213,   61,108,85,141,0,99,108,    8,92,1
215,2025-12-08,  225,   62,123,96,142,2,101,-1,    7,89,2
215,2025-12-09,  195,   56,128,118,137,2,123,15,    8,84,2
215,2025-12-10,  228,   60,115,82,135,17,213,0,    6,87,3
215,2025-12-11,  200,   43,82,66,102,22,221,0,    7,93,3
215,2025-12-12,  170,   35,88,70,108,0,58,0,    8,92,1
215,2025-12-13,  238,   27,66,9,107,51,349,0,    6,94,5
215,2025-12-14,  197,   53,69,18,91,15,151,0,    8,94,2
215,2025-12-15,  184,   53,71,60,88,7,86,0,    8,89,1
215,2025-12-16,  153,   23,78,39,111,12,161,-1,    8,93,2
215,2025-12-17,  209,   35,84,55,103,3,142,-1,    8,91,2
215,2025-12-18,  192,   76,104,64,136,0,92,3,    8,81,1
215,2025-12-19,  219,   43,87,29,129,23,243,27,    6,89,3
215,2025-12-20,  116,   28,50,19,68,20,200,0,    8,98,3
215,2025-12-21,   95,   40,82,63,114,22,243,0,    8,93,3
215,2025-12-22,   92,   41,51,40,68,24,225,0,    8,88,3
215,2025-12-23,   83,   65,45,27,56,0,65,0,    8,80,1
215,2025-12-24,   64,   76,13,-3,29,66,393,0,    0,74,4
215,2025-12-25,   69,   68,-19,-34,-2,66,398,0,    0,64,4
215,2025-12-26,   76,   46,-12,-45,20,66,380,0,    0,73,4
215,2025-12-27,   38,   35,35,-8,68,0,138,0,    6,81,2
215,2025-12-28,   50,   20,24,-50,65,56,363,0,    6,86,4
215,2025-12-29,  358,   23,39,-50,72,5,105,2,    8,91,1
215,2025-12-30,  356,   28,22,-21,72,52,343,8,    4,86,4
215,2025-12-31,  281,   44,38,-10,62,8,189,2,    7,84,2
215,2026-01-01,  276,   95,50,22,61,7,141,33,    8,78,2
215,2026-01-02,  299,   80,35,10,50,8,172,37,    6,80,2
215,2026-01-03,  296,   61,23,2,44,17,170,104,    7,84,2
215,2026-01-04,  286,   63,17,0,32,5,131,72,    6,83,1
215,2026-01-05,  245,   35,9,-4,26,33,312,51,    6,88,3
215,2026-01-06,  212,   34,4,-40,35,40,353,17,    6,89,4
215,2026-01-07,  208,   74,15,-4,47,0,118,88,    8,93,1
215,2026-01-08,  160,   44,26,12,44,10,215,61,    8,92,3
215,2026-01-09,   55,   56,18,-12,44,0,121,98,    8,95,1
215,2026-01-10,   54,   47,-18,-25,-11,7,125,-1,    8,76,1
215,2026-01-11,  156,   54,-16,-49,15,7,164,18,    8,84,2
215,2026-01-12,  192,   55,59,14,89,0,85,10,    8,96,1
215,2026-01-13,  199,   42,86,68,97,0,97,61,    8,96,1
215,2026-01-14,  252,   23,56,6,89,67,446,13,    5,94,6
215,2026-01-15,  178,   49,89,73,109,0,102,35,    8,90,1
215,2026-01-16,  194,   39,77,38,108,36,339,10,    8,90,5
215,2026-01-17,  122,   25,69,18,116,58,436,17,    8,95,6
215,2026-01-18,  107,   25,34,5,78,67,458,0,    3,94,5
215,2026-01-19,  136,   29,27,6,58,22,259,0,    8,94,3
215,2026-01-20,  130,   32,17,2,45,70,450,0,    7,95,5
215,2026-01-21,  128,   54,46,21,82,23,279,28,    8,85,3
215,2026-01-22,  110,   57,29,11,46,53,409,0,    8,76,5
215,2026-01-23,  112,   49,50,32,70,26,297,-1,    8,87,4
215,2026-01-24,  111,   39,31,0,74,68,531,0,    4,88,6
215,2026-01-25,   96,   42,-5,-32,18,59,490,0,    3,87,5
215,2026-01-26,   31,   23,9,-17,29,2,178,0,    8,90,2
215,2026-01-27,  112,   55,20,-3,42,0,159,71,    8,94,2
215,2026-01-28,   72,   28,34,7,50,0,131,0,    8,96,2
215,2026-01-29,   94,   30,3,-5,10,3,206,7,    8,90,2
215,2026-01-30,  112,   53,24,8,41,10,274,1,    8,92,3
215,2026-01-31,  127,   33,57,27,91,8,286,11,    8,97,4
215,2026-02-01,  125,   34,57,25,81,0,239,6,    8,96,3
215,2026-02-02,   85,   54,35,-5,65,11,307,0,    6,88,4
215,2026-02-03,   94,   67,1,-24,33,3,247,20,    8,89,3
215,2026-02-04,  102,   46,59,14,101,54,611,1,    6,91,8
215,2026-02-05,   89,   62,14,-1,36,18,375,-1,    8,88,4
215,2026-02-06,  115,   44,46,11,85,0,232,9,    8,97,3
215,2026-02-07,  163,   35,76,39,126,70,643,-1,    5,89,9
215,2026-02-08,  124,   38,61,41,109,72,715,0,    8,93,9
215,2026-02-09,  130,   45,35,16,49,0,219,0,    8,94,3
215,2026-02-10,  126,   33,51,9,84,0,201,31,    7,97,3
215,2026-02-11,  199,   38,84,74,105,5,203,47,    8,97,3
215,2026-02-12,  288,   39,69,41,92,3,303,10,    8,95,4
215,2026-02-13,   46,   45,23,3,42,0,283,-1,    8,85,3
215,2026-02-14,   17,   40,-2,-46,33,76,891,0,    4,80,9
215,2026-02-15,  160,   53,1,-36,29,45,591,32,    8,86,6
215,2026-02-16,  276,   43,54,9,79,40,470,53,    7,90,6
215,2026-02-17,  319,   65,49,30,72,50,577,43,    7,81,7
215,2026-02-18,   95,   58,18,4,34,63,754,0,    8,76,9
215,2026-02-19,  106,   73,30,3,46,0,240,17,    8,85,3
215,2026-02-20,  216,   57,64,32,96,1,319,24,    8,90,4
215,2026-02-21,  246,   72,95,80,111,9,413,4,    8,90,6
215,2026-02-22,  240,   85,105,96,117,9,318,93,    8,93,5
215,2026-02-23,  251,   85,95,84,108,42,649,7,    7,86,9
215,2026-02-24,  198,   26,106,85,132,11,322,4,    8,97,5
215,2026-02-25,  170,   33,118,62,182,95,1090,0,    2,88,17
215,2026-02-26,  223,   52,113,72,156,74,941,0,    6,85,14
215,2026-02-27,  205,   55,110,91,121,10,260,19,    7,90,4
215,2026-02-28,  220,   66,87,43,115,1,256,12,    8,88,4
215,2026-03-01,  199,   59,88,35,118,45,828,-1,    6,81,12
215,2026-03-02,  170,   34,97,48,165,99,1200,0,    5,75,17
215,2026-03-03,   27,   22,84,18,150,98,1152,0,    3,87,16
215,2026-03-04,   97,   27,84,40,148,94,1130,0,    2,81,16
215,2026-03-05,  128,   32,99,42,165,100,1252,0,    1,76,18
215,2026-03-06,  306,   19,99,49,177,64,930,-1,    5,80,14
215,2026-03-07,   21,   30,79,61,105,11,581,0,    8,96,8
215,2026-03-08,   77,   21,66,15,125,46,792,0,    6,96,11
215,2026-03-09,  328,   10,73,8,166,64,1033,0,    3,93,14
215,2026-03-10,  225,   25,87,36,114,11,341,15,    7,97,5
215,2026-03-11,  227,   53,90,36,110,24,510,61,    6,88,7
215,2026-03-12,  206,   82,90,28,122,86,1146,0,    6,75,16
215,2026-03-13,  216,   67,83,52,108,18,431,76,    8,81,6
215,2026-03-14,  299,   32,56,11,94,45,939,7,    7,85,12
215,2026-03-15,  209,   53,65,-17,115,109,1465,43,    3,76,19
215,2026-03-16,  269,   63,79,53,99,101,1352,1,    6,79,19
215,2026-03-17,  195,   43,111,87,155,52,959,3,    8,83,14
215,2026-03-18,  123,   45,103,59,148,110,1626,0,    6,67,24
215,2026-03-19,    8,   22,81,5,159,110,1584,0,    4,79,22
215,2026-03-20,   51,   39,82,34,124,92,1484,0,    7,70,21
215,2026-03-21,   49,   33,65,19,121,77,1459,0,    4,87,19
215,2026-03-22,   67,   32,76,30,144,111,1637,0,    1,84,22
215,2026-03-23,  301,   24,81,16,127,99,1341,0,    7,84,19
215,2026-03-24,  225,   80,103,63,129,23,865,-1,    8,79,13
215,2026-03-25,  290,   79,71,30,108,43,1089,93,    7,76,15
215,2026-03-26,  332,   65,49,9,77,88,1486,10,    5,73,19
215,2026-03-27,  205,   53,60,-11,105,30,1046,24,    8,79,14
215,2026-03-28,  315,   57,73,52,95,74,1303,29,    6,78,18
215,2026-03-29,  246,   63,70,-5,97,64,1258,48,    5,79,17
215,2026-03-30,  318,   72,75,26,100,92,1407,30,    4,74,19
215,2026-03-31,  302,   28,78,34,112,81,1609,0,    5,86,22
215,2026-04-01,  152,   18,92,57,129,38,1280,0,    8,86,18
215,2026-04-02,  325,   37,71,12,99,5,763,15,    8,90,10
215,2026-04-03,  218,   70,87,10,117,23,918,9,    8,86,13
215,2026-04-04,  221,   60,126,68,156,55,1426,0,    7,74,22
215,2026-04-05,  249,   76,95,21,151,67,1501,-1,    7,77,22
215,2026-04-06,  358,   23,75,1,127,118,2014,0,    7,69,27
215,2026-04-07,  101,   39,102,33,165,123,2096,0,    3,57,31
215,2026-04-08,  114,   31,127,47,202,122,2029,0,    5,58,32
215,2026-04-09,  243,   39,139,69,220,65,1567,1,    6,66,25
215,2026-04-10,  315,   44,82,52,109,61,1533,0,    8,73,21
215,2026-04-11,  175,   58,100,54,170,15,948,1,    7,72,14
215,2026-04-12,  209,   40,92,46,144,95,1792,0,    7,75,26
215,2026-04-13,  353,   15,82,26,134,26,1095,0,    7,83,15
215,2026-04-14,  287,   23,85,13,140,118,2044,0,    1,82,29
215,2026-04-15,  190,   37,124,41,192,73,1696,-1,    7,73,26
215,2026-04-16,  236,   42,117,68,160,119,2154,0,    6,79,33
215,2026-04-17,  220,   25,123,61,192,77,1734,0,    7,81,27
215,2026-04-18,  280,   25,101,44,138,52,1329,-1,    5,87,20
215,2026-04-19,  351,   39,86,34,128,107,2013,0,    4,85,28
215,2026-04-20,    3,   30,77,11,118,71,1450,8,    6,84,20
215,2026-04-21,   55,   48,95,50,140,127,2405,0,    1,65,35
215,2026-04-22,   57,   42,111,49,165,132,2473,0,    0,61,37
215,2026-04-23,    1,   40,86,40,135,122,2501,0,    3,85,35
215,2026-04-24,  357,   35,71,5,124,120,2485,0,    2,89,34
215,2026-04-25,  345,   25,89,29,140,114,2497,0,    4,83,35
215,2026-04-26,   17,   30,95,38,137,111,2368,0,    6,76,34
215,2026-04-27,   39,   33,107,53,152,83,1879,0,    8,70,28
215,2026-04-28,   52,   62,129,79,178,119,2454,0,    3,58,39
215,2026-04-29,   72,   68,132,77,181,137,2548,0,    2,42,40
215,2026-04-30,  104,   62,137,77,195,137,2633,0,    1,40,42
215,2026-05-01,  136,   37,147,76,231,138,2638,0,    0,55,43
215,2026-05-02,  243,   28,143,64,198,85,1954,40,    6,79,32
215,2026-05-03,  198,   25,149,122,178,5,701,34,    8,93,12
215,2026-05-04,  358,   31,135,92,173,91,2161,0,    7,90,35
215,2026-05-05,   32,   49,117,78,155,105,2315,0,    7,73,35
215,2026-05-06,   28,   47,115,71,155,38,1451,0,    8,69,22
215,2026-05-07,  359,   29,112,32,152,130,2469,0,    4,74,37
215,2026-05-08,   61,   25,124,63,176,36,1569,0,    7,77,24
215,2026-05-09,   29,   25,125,49,188,119,2380,0,    3,74,37
215,2026-05-10,   17,   53,117,78,165,114,2239,0,    6,72,34
215,2026-05-11,  333,   64,79,55,113,81,1872,32,    6,72,26
215,2026-05-12,  286,   58,98,60,133,34,1412,4,    7,70,21
215,2026-05-13,  257,   38,95,68,131,75,1654,64,    6,79,24
215,2026-05-14,  351,   37,82,34,126,79,1901,64,    6,81,26
215,2026-05-15,  311,   39,81,33,115,45,1422,55,    7,81,20
215,2026-05-16,  237,   36,92,30,130,60,1342,29,    5,74,19
215,2026-05-17,  212,   35,117,84,151,36,1047,79,    8,90,16
215,2026-05-18,  245,   33,113,58,152,83,2031,-1,    5,83,31
215,2026-05-19,  176,   44,124,58,167,11,1168,29,    8,89,18
215,2026-05-20,  234,   65,148,124,176,58,1921,1,    7,80,32
215,2026-05-21,  258,   35,155,111,198,122,2501,0,    7,80,42
215,2026-05-22,  172,   18,181,99,253,148,2810,0,    4,76,49
215,2026-05-23,  266,   26,194,125,280,126,2571,0,    5,78,46
215,2026-05-24,   18,   21,190,117,252,140,2831,0,    6,73,51
215,2026-05-25,  343,   16,206,122,272,152,2868,0,    0,70,53
215,2026-05-26,  338,   23,212,128,287,150,2842,0,    0,66,53
215,2026-05-27,   59,   44,181,139,221,118,2612,36,    6,65,46
215,2026-05-28,  112,   38,184,114,243,138,2782,4,    4,57,49
215,2026-05-29,  241,   28,188,123,285,48,1528,31,    8,76,27
215,2026-05-30,   48,   24,191,98,243,133,2660,0,    5,71,48
215,2026-05-31,  274,   33,174,131,213,93,2340,0,    7,81,41
215,2026-06-01,  256,   28,172,124,216,100,2461,0,    8,79,43
215,2026-06-02,  215,   37,163,132,207,22,1101,131,    7,87,19
215,2026-06-03,  220,   63,158,136,192,29,1420,23,    8,84,24
215,2026-06-04,  225,   74,155,134,184,64,1669,11,    7,80,28
215,2026-06-05,  258,   49,156,117,184,125,2747,-1,    6,77,46
215,2026-06-06,  192,   49,154,110,197,16,1254,30,    8,79,21
215,2026-06-07,  242,   58,153,130,184,42,1596,67,    8,81,27
215,2026-06-08,  217,   35,153,125,201,2,990,131,    8,84,16
215,2026-06-09,  247,   57,140,98,172,120,2540,71,    5,75,41
215,2026-06-10,  265,   38,127,80,164,125,2458,35,    6,84,39
215,2026-06-11,  235,   44,128,70,163,54,1654,87,    6,86,26
215,2026-06-12,  253,   70,169,154,195,40,1758,4,    7,89,30
215,2026-06-13,  280,   60,155,136,174,65,2280,0,    7,73,38
215,2026-06-14,  308,   59,145,125,168,83,2058,-1,    6,75,34
215,2026-06-15,  327,   35,142,119,173,49,1462,1,    8,78,24
215,2026-06-16,  360,   29,164,123,217,115,2617,0,    7,81,45
215,2026-06-17,  227,   46,190,130,239,69,1958,0,    6,80,35
215,2026-06-18,  294,   20,203,142,255,105,2619,4,    7,86,48
215,2026-06-19,  179,   33,247,171,328,132,2787,66,    4,75,55
215,2026-06-20,  280,   25,205,175,234,104,2638,106,    7,86,48
215,2026-06-21,   58,   27,231,184,277,68,2059,0,    6,79,39
215,2026-06-22,   49,   42,214,174,262,134,2832,0,    7,67,53
215,2026-06-23,  108,   25,232,165,295,131,2772,-1,    4,69,53
215,2026-06-24,   29,   28,265,191,349,151,2830,0,    0,68,57
215,2026-06-25,   65,   43,261,202,310,149,2858,0,    1,73,57
215,2026-06-26,  177,   33,270,211,358,135,2759,0,    5,68,56
215,2026-06-27,  349,   28,228,190,269,59,1367,68,    6,79,26
215,2026-06-28,  243,   42,222,186,259,112,2570,18,    5,74,49
215,2026-06-29,  315,   35,180,115,213,143,3006,0,    3,77,53
215,2026-06-30,  287,   15,165,105,214,17,1231,-1,    7,83,21
215,2026-07-01,  286,   23,178,103,232,142,2913,0,    2,84,51
215,2026-07-02,  271,   55,172,109,212,73,1760,17,    4,82,30
215,2026-07-03,  295,   33,157,100,196,137,2736,0,    6,78,46
215,2026-07-04,  254,   54,194,148,230,79,2186,0,    7,77,39
215,2026-07-05,  290,   45,183,156,209,21,1371,0,    8,85,24
215,2026-07-06,  254,   50,212,153,268,85,2488,0,    7,76,46
215,2026-07-07,  294,   43,196,154,232,117,2681,0,    8,78,48
215,2026-07-08,  316,   33,188,136,219,47,1677,0,    5,83,30
215,2026-07-09,   75,   24,205,126,257,141,2740,0,    4,76,50
215,2026-07-10,   64,   40,219,155,269,150,2841,0,    5,72,53
215,2026-07-11,   40,   35,217,162,263,127,2732,0,    1,78,51
215,2026-07-12,   38,   46,211,148,270,116,2517,0,    3,69,47
215,2026-07-13,   10,   44,203,142,257,143,2890,0,    2,79,53
215,2026-07-14,   49,   50,233,169,288,146,2841,0,    1,67,55
215,2026-07-15,   47,   50,233,186,276,149,2804,0,    3,60,54
215,2026-07-16,   28,   37,214,169,259,96,2099,0,    6,71,39
215,2026-07-17,  323,   43,185,142,213,49,1527,0,    5,82,27
215,2026-07-18,  326,   49,173,149,197,16,1182,8,    7,73,20
215,2026-07-19,  336,   63,171,152,202,85,2301,-1,    5,63,40
215,2026-07-20,  353,   51,166,102,210,80,2128,-1,    5,65,36
215,2026-07-21,  327,   29,162,92,209,45,1888,1,    6,79,32
215,2026-07-22,  326,   51,169,148,203,26,1323,10,    8,78,23
215,2026-07-23,  332,   40,171,137,204,42,1554,-1,    7,80,27
215,2026-07-24,  308,   15,186,134,240,95,2147,-1,    7,79,38
215,2026-07-25,  257,   35,199,129,238,129,2622,0,    5,74,48
215,2026-07-26,  267,   50,195,176,220,22,1032,80,    8,83,19
215,2026-07-27,  287,   45,177,126,207,76,1720,21,    4,79,30
215,2026-07-28,  242,   27,208,126,264,119,2527,0,    6,77,47
215,2026-07-29,  252,   20,244,157,316,145,2633,0,    1,66,51
215,2026-07-30,  285,   25,208,162,246,66,1751,0,    6,81,32
215,2026-07-31,  346,   38,188,119,245,95,2295,0,    6,81,41
215,2026-08-01,  336,   19,177,106,233,119,2466,0,    5,74,43
215,2026-08-02,   59,   33,210,118,266,127,2492,0,    7,59,46
215,2026-08-03,   32,   33,223,174,305,136,2512,0,    6,63,48
215,2026-08-04,  220,   34,239,167,325,94,2058,-1,    3,69,40
215,2026-08-05,  237,   66,217,191,249,96,2095,0,    4,69,39
215,2026-08-06,  289,   46,179,138,205,112,2255,0,    4,65,40
215,2026-08-07,  294,   21,166,100,216,92,2108,0,    5,74,36
215,2026-08-08,   69,   18,182,91,253,135,2524,0,    4,69,44
215,2026-08-09,  237,   23,214,113,289,99,2173,0,    4,62,41
215,2026-08-10,  342,   44,190,147,230,98,1975,0,    5,74,35
215,2026-08-11,   71,   38,177,101,230,139,2457,0,    4,64,43
215,2026-08-12,   91,   40,210,129,287,126,2398,0,    3,51,44
215,2026-08-13,  113,   20,232,125,326,139,2449,0,    0,54,47
215,2026-08-14,  328,   20,234,138,333,135,2350,-1,    2,66,45
215,2026-08-15,   36,   34,210,182,247,22,1048,9,    8,81,19
215,2026-08-16,  330,   20,184,135,236,80,1665,0,    7,78,29
215,2026-08-17,  321,   24,172,136,209,43,1392,80,    8,83,24
215,2026-08-18,  266,   43,185,146,212,10,784,101,    8,89,14
215,2026-08-19,  262,   24,174,128,204,23,1009,197,    7,87,18
215,2026-08-20,  222,   48,174,140,213,80,1612,49,    6,86,28
215,2026-08-21,  344,   30,161,121,204,65,1556,28,    7,85,26
215,2026-08-22,  332,   38,157,129,194,56,1509,55,    6,78,25
215,2026-08-23,  331,   35,159,94,204,62,1580,1,    5,73,27
215,2026-08-24,   73,   35,158,75,214,114,2061,0,    2,71,35
215,2026-08-25,   80,   48,187,131,251,127,2265,0,    3,64,40
215,2026-08-26,  104,   38,197,142,251,85,1752,0,    5,73,32
215,2026-08-27,  127,   39,206,159,275,72,1479,24,    7,81,27
215,2026-08-28,  209,   47,187,166,229,32,991,35,    8,88,18
215,2026-08-29,  208,   62,187,163,227,25,919,255,    8,87,16
215,2026-08-30,  233,   45,187,162,207,28,994,79,    8,90,18
215,2026-08-31,  242,   59,173,138,200,70,1274,132,    7,84,22
215,2026-09-01,  265,   34,163,120,200,103,1878,1,    6,82,32
215,2026-09-02,  228,   43,182,130,207,32,1118,1,    8,79,20
215,2026-09-03,  241,   68,202,173,227,46,1275,18,    8,87,23
215,2026-09-04,  266,   83,193,170,218,10,665,78,    7,79,12
215,2026-09-05,  288,   54,163,100,196,93,1629,-1,    5,77,28
215,2026-09-06,  158,   30,170,90,233,89,1678,0,    6,75,29
215,2026-09-07,  224,   45,199,147,256,80,1610,-1,    7,79,29
215,2026-09-08,  252,   43,167,145,191,0,313,284,    7,87,5
215,2026-09-09,  294,   59,152,94,188,67,1279,54,    5,79,21
215,2026-09-10,  199,   26,144,84,201,41,1068,0,    7,83,17
215,2026-09-11,  236,   33,163,136,204,53,1104,15,    6,89,19
215,2026-09-12,  230,   44,178,130,217,41,1203,103,    8,86,21
215,2026-09-13,  292,   29,180,128,210,17,762,45,    8,92,13
215,2026-09-14,  216,   26,175,111,226,45,1127,9,    7,93,20
215,2026-09-15,  241,   38,191,130,242,77,1304,8,    7,86,23
